{
    "name": "adrenaline",
    "version": "1.4.1",
    "factorio_version": "1.1",
    "title": "Adrenaline",
    "author": "ZwerOxotnik",
    "contact": "zweroxotnik@gmail.com, Discord:ZwerOxotnik#7117",
    "source": "https://gitlab.com/ZwerOxotnik/adrenaline",
    "homepage": "https://www.reddit.com/r/ZwerOxotnik/",
    "description": "Adrenaline sharpens your feelings in mortal danger. Accelerates your running and speed of mining and speed of shooting at times",
    "dependencies": [
        "zk-lib"
    ]
}
