{
   "name" : "Switch_Button-1_0",
   "version" : "0.1.22",
	 "factorio_version": "1.1",
   "dependencies" : ["base >= 1.0.0", "? SchallCircuitGroup"],
   "title" : "Switch Button by GalactusX31 updated for 1.0",
   "author" : "GalactusX31",
   "homepage" : "https://mods.factorio.com/mod/Switch_Button",
   "description" : "This mod adds on/off switch button for sending a single signal.\nAllows to either toggle On/Off state by left-click and access inventory via mod hotkey, or to work like a regular constant combinator."
}
