{
  "name": "BobInserters-Early-T2-Research",
  "version": "1.1.1",
  "title": "Bob Inserters Earlier T2 Research",
  "author": "Sesame_Slayer",
  "factorio_version": "1.1",
  "dependencies": ["base >= 1.1", "bobinserters >= 1.1.5"],
  "description": "Makes the long inserters and more inserters tier 2 researches from Bob's Adjustable Inserters line up with Logistics 2 instead of logistics 3, as at logistics 3 it is no longer needed. Report bugs on the mod portal. This is my first mod."
}