{
	"name": "modpack-industrial-revolution-2",
	"version": "3.0.0",
	"factorio_version": "1.1",
	"title": "Modpack industrial revolution 2",
	"author": "pierrejeanproduction",
	"homepage": "",
	"description": "modpack to extend industrial revolution 2 for a rich and long gameplay",
	"dependencies": [
		"base >= 1.1",
		"adrenaline",
		"Avatars",
		"Big_Brother",
		"bobinserters",
		"BobInserters-Early-T2-Research",
		"boblibrary",
		"Crafting_Speed_Research",
		"DeadlockBlackRubberBelts",
		"DeadlockLargerLamp",
		"DiscoScience",
		"DoingThingsByHand",
		"even-distribution",
		"Evolution Reduction",
		"FARL",
		"Fill4Me",
		"flib",
		"fluidTrains",
		"handcraft_timer",
		"helmod",
		"Honk",
		"Hovercrafts",
		"IndustrialRevolution",
		"IndustrialRevolution-Miniloader",
		"? IndustrialRevolution_Language_Pack",
		"IronMan_WarMachine",
		"jetpack",
		"K1_Advanced_fluid",
		"Kux-OrbitalIonCannon",
		"laser_tanks_updated",
		"Long-Underground-Belts",
		"miniloader",
		"mining-patch-planner",
		"? PatchFR",
		"Player_Reach_Research",
		"PlutoniumEnergy",
		"puppy-jetpack-ui",
		"qol_research",
		"Repair_Turret",
		"Robocharger",
		"Robot_Battery_Research",
		"Rocket-Silo-Construction",
		"some-spidertron",
		"SpawnControl",
		"Squeak Through",
		"StatsGui",
		"stdlib",
		"steamTrains",
		"Switch_Button-1_0",
		"tarantulator",
		"textplates",
		"? Todo-List",
		"tree_collision",
		"Warehousing",
		"Waterfill_v17",
		"WideChests",
		"YARM",
		"zk-lib"		
	]
}
