{
    "name": "PlutoniumEnergy",
    "version": "1.5.5",
    "title": "Plutonium Energy",
    "author": "JohnTheCoolingFan",
    "contact": "https://discord.gg/KPnETvMDYk",
    "homepage": "https://discord.gg/KPnETvMDYk",
    "dependencies": [
        "base >= 1.1.0",
        "? SchallUraniumProcessing",
        "? SchallRadioactiveWaste",
        "? bobplates",
        "? IndustrialRevolution3 >= 3.1.5",
        "? space-exploration"
    ],
    "description": "Adds processing of plutonium, excess product from nuclear reaction. Plutonium can be used to create ammo (even plutonium atomic bomb) and to create energy as MOX fuel.",
    "factorio_version": "1.1"
}
