{
    "name": "some-spidertron",
    "version": "1.1.2",
    "title": "Spidertron - huge grid (24x22)",
    "author": "someone1337",
    "homepage": "https://git.somenet.org/factorio/some-spidertron.git",
    "description": "The spidertron is just a minor addition or so they said ... boy, were they wrong. Nearly unkillable, fast as hell and at least twice as deadly ... all hail mega-spidertron! (spidertron-on-ground-zero is just for the epic effect, it will get killed by a nuke)",
    "dependencies": ["base>=1.1.0"],
    "factorio_version": "1.1"
}
